RowID, motion, ind.production, res.inflow, N.types, P.types, C.types, max.res.val,               max.growth.rate, max.met.maint, max.active.dispersal, logseries.a,               starting.seed, width, height, viscosity, total.abundance, immigration.rate,               resource.concentration, shannons.resource.diversity, resource.richness,               resource.particles, speciation, avg.per.capita.growth, avg.per.capita.maint,               avg.per.capita.N.efficiency, avg.per.capita.P.efficiency,               avg.per.capita.C.efficiency, avg.per.capita.active.dispersal,               amplitude, flux, frequency, phase, disturbance, spec.growth,               spec.disp, spec.maint, avg.dist, dorm.freq
1, 'fluid', -99.861386138613867, 1, 8, 6, 8, 73, 0.17903300371740904, 0.0128616127961627, 0.0937591092810392, 0.9658210105746199, 100, 1.0, 39.8, 40, 979, 0.0, 0.091540841584158414, 2.9876573168316836, 22.0, 0, 193, 0.06179215800434788, 0.091133573716494248, 0.003221326221786387, nan, nan, nan, 0.047299012293432662, 0.095990094320751618, 0.052629455843151318, 0.0067346186228427994, 6.7108303932658782, 0.49518627322504882
1, 'fluid', -99.485148514851488, 1, 8, 6, 8, 73, 0.17903300371740904, 0.0128616127961627, 0.0937591092810392, 0.9658210105746199, 100, 0.69999999999999996, 39.8, 40, 964, 0.0, 0.06744430693069306, 2.9417521683168308, 21.762376237623762, 0, 139, 0.06179215800434788, 0.090941764514665333, 0.0032530902699178183, nan, nan, nan, 0.047483972299908257, 0.095394929590455618, 0.053125070215656149, 0.0067092656386211307, 5.9388080383652344, 0.49684168171252774
1, 'fluid', -99.594059405940598, 1, 8, 6, 8, 73, 0.17903300371740904, 0.0128616127961627, 0.0937591092810392, 0.9658210105746199, 100, 0.40000000000000002, 39.8, 40, 983, 0.0, 0.042809405940594063, 2.8163206435643575, 20.415841584158414, 0, 85, 0.06179215800434788, 0.0911703961197948, 0.0032379281972862045, nan, nan, nan, 0.047782293318039841, 0.095848879742156917, 0.053554319837814807, 0.0066818159854324941, 4.9855042307504114, 0.50193462388894083
